{
  "10": {
    "packet_delivery_ratio": 0.7662337662337663,
    "seed": 0,
    "n_drones": 20,
    "number_of_detected_events": 154,
    "number_of_events_to_depot": 118,
    "number_of_packets_to_depot": 118,
    "mean_number_of_relays": 2.030803607054505,
    "packet_mean_delivery_time": 144.57711864406778,
    "score": 1439.8311688311687
  },
  "15": {
    "packet_delivery_ratio": 0.8008658008658008,
    "seed": 0,
    "n_drones": 20,
    "number_of_detected_events": 231,
    "number_of_events_to_depot": 185,
    "number_of_packets_to_depot": 185,
    "mean_number_of_relays": 2.070404788155615,
    "packet_mean_delivery_time": 141.82216216216216,
    "score": 1354.6060606060605
  },
  "20": {
    "packet_delivery_ratio": 0.8181818181818182,
    "seed": 0,
    "n_drones": 20,
    "number_of_detected_events": 308,
    "number_of_events_to_depot": 252,
    "number_of_packets_to_depot": 252,
    "mean_number_of_relays": 2.0327242326525736,
    "packet_mean_delivery_time": 138.36666666666667,
    "score": 1300.1818181818182
  },
  "30": {
    "packet_delivery_ratio": 0.7662337662337663,
    "seed": 0,
    "n_drones": 20,
    "number_of_detected_events": 462,
    "number_of_events_to_depot": 354,
    "number_of_packets_to_depot": 354,
    "mean_number_of_relays": 2.0587494443621277,
    "packet_mean_delivery_time": 140.02118644067798,
    "score": 1416.5584415584415
  },
  "40": {
    "packet_delivery_ratio": 0.7386363636363636,
    "seed": 0,
    "n_drones": 20,
    "number_of_detected_events": 616,
    "number_of_events_to_depot": 455,
    "number_of_packets_to_depot": 455,
    "mean_number_of_relays": 2.087888307155323,
    "packet_mean_delivery_time": 142.75450549450548,
    "score": 1487.0487012987012
  },
  "50": {
    "packet_delivery_ratio": 0.7792207792207793,
    "seed": 0,
    "n_drones": 20,
    "number_of_detected_events": 770,
    "number_of_events_to_depot": 600,
    "number_of_packets_to_depot": 600,
    "mean_number_of_relays": 2.0653980505944,
    "packet_mean_delivery_time": 144.689,
    "score": 1413.9688311688312
  },
  "70": {
    "packet_delivery_ratio": 0.734447539461467,
    "seed": 0,
    "n_drones": 20,
    "number_of_detected_events": 1077,
    "number_of_events_to_depot": 791,
    "number_of_packets_to_depot": 791,
    "mean_number_of_relays": 2.0930976382899735,
    "packet_mean_delivery_time": 146.60897597977242,
    "score": 1514.5013927576601
  },
  "80": {
    "packet_delivery_ratio": 0.7099918765231519,
    "seed": 0,
    "n_drones": 20,
    "number_of_detected_events": 1231,
    "number_of_events_to_depot": 874,
    "number_of_packets_to_depot": 874,
    "mean_number_of_relays": 2.0942525940337227,
    "packet_mean_delivery_time": 148.28684210526316,
    "score": 1571.9073923639319
  },
  "90": {
    "packet_delivery_ratio": 0.7075812274368231,
    "seed": 0,
    "n_drones": 20,
    "number_of_detected_events": 1385,
    "number_of_events_to_depot": 980,
    "number_of_packets_to_depot": 980,
    "mean_number_of_relays": 2.0816613538346145,
    "packet_mean_delivery_time": 148.85051020408164,
    "score": 1579.4151624548736
  },
  "100": {
    "packet_delivery_ratio": 0.6998050682261209,
    "seed": 0,
    "n_drones": 20,
    "number_of_detected_events": 1539,
    "number_of_events_to_depot": 1077,
    "number_of_packets_to_depot": 1077,
    "mean_number_of_relays": 2.0817218117571477,
    "packet_mean_delivery_time": 148.08802228412256,
    "score": 1591.4697855750487
  },
  "150": {
    "packet_delivery_ratio": 0.658578856152513,
    "seed": 0,
    "n_drones": 20,
    "number_of_detected_events": 2308,
    "number_of_events_to_depot": 1518,
    "number_of_packets_to_depot": 1520,
    "mean_number_of_relays": 2.088729888385027,
    "packet_mean_delivery_time": 148.11532894736843,
    "score": 1676.1438474870017
  },
  "200": {
    "packet_delivery_ratio": 0.6483587910302242,
    "seed": 0,
    "n_drones": 20,
    "number_of_detected_events": 3077,
    "number_of_events_to_depot": 1992,
    "number_of_packets_to_depot": 1995,
    "mean_number_of_relays": 2.069384577228447,
    "packet_mean_delivery_time": 147.42593984962406,
    "score": 1693.6694832629184
  },
  "300": {
    "packet_delivery_ratio": 0.6603119584055459,
    "seed": 0,
    "n_drones": 20,
    "number_of_detected_events": 4616,
    "number_of_events_to_depot": 3042,
    "number_of_packets_to_depot": 3048,
    "mean_number_of_relays": 2.070473129966324,
    "packet_mean_delivery_time": 145.94621062992124,
    "score": 1663.6655112651647
  }
}